{
  "accuracy": 0.8823529411764706,
  "classification_report": {
    "0": {
      "precision": 0.8949416342412452,
      "recall": 0.9787234042553191,
      "f1-score": 0.9349593495934959,
      "support": 235.0
    },
    "1": {
      "precision": 0.6666666666666666,
      "recall": 0.2702702702702703,
      "f1-score": 0.38461538461538464,
      "support": 37.0
    },
    "accuracy": 0.8823529411764706,
    "macro avg": {
      "precision": 0.7808041504539559,
      "recall": 0.6244968372627947,
      "f1-score": 0.6597873671044403,
      "support": 272.0
    },
    "weighted avg": {
      "precision": 0.8638895246814678,
      "recall": 0.8823529411764706,
      "f1-score": 0.8600963837692676,
      "support": 272.0
    }
  },
  "auc_score": 0.8843013225991949,
  "y_pred_proba": [
    0.016833333333333332,
    0.02501561474463629,
    0.010991869918699186,
    0.004,
    0.003502824858757062,
    0.5241666666666667,
    0.41550588235294117,
    0.014666666666666668,
    0.09868371696504691,
    0.0077142857142857135,
    0.02807030129124821,
    0.049332426588967235,
    0.1010243881957878,
    0.0031703400963363016,
    0.00025,
    0.22322610307578092,
    0.17398120300751876,
    0.08404095578970285,
    0.04537488590574144,
    0.2873346203346203,
    0.037288426086324676,
    0.5345584415584416,
    0.34204292039396406,
    0.0012525559197285952,
    0.6126001400560223,
    0.5192138232138234,
    0.00043906810035842294,
    0.07666033567898704,
    0.2896608946608946,
    0.07115469920717298,
    0.01132193527817631,
    0.24459519812975697,
    0.0721324116907678,
    0.015299403458430868,
    0.10869812183382875,
    0.03078048780487805,
    0.1236849315068493,
    0.12872809714729486,
    0.0,
    0.03535454885754556,
    0.023277777777777776,
    0.025833333333333333,
    0.07041711162828623,
    0.0049231950844854065,
    0.06681398196385765,
    0.1033029331272739,
    0.12317472480690872,
    0.15842311388324587,
    0.4214408565468347,
    0.016666666666666666,
    0.03348146576117714,
    0.2195850479301886,
    0.1276923781900609,
    0.49962987012987015,
    0.40029653679653676,
    0.15051826623647097,
    0.016986493574613164,
    0.029065006247436038,
    0.497016511989165,
    0.0,
    0.22776359940872135,
    0.40406920995671003,
    0.2033059401646517,
    0.0,
    0.012169229068639995,
    0.036866666666666666,
    0.12292528459195125,
    0.10333374859060035,
    0.18637562875590266,
    0.07142090820067865,
    0.04488680357781101,
    0.011033333333333332,
    0.008363904701665613,
    0.27894784163205216,
    0.08187403894124441,
    0.1366219512195122,
    0.022916706520006373,
    0.4656911682561588,
    0.10426190476190478,
    0.0,
    0.0,
    0.18199369886809044,
    0.28644537815126053,
    0.16332299150027343,
    0.014384057971014491,
    0.37783502803194585,
    0.08759233172857879,
    0.009361348528015196,
    0.09774667300870561,
    0.45322999061514374,
    0.003333333333333333,
    0.0005459770114942529,
    0.03250367342966964,
    0.059666666666666666,
    0.003,
    0.013714490674318507,
    0.33481535131535134,
    0.038624322904034274,
    0.005,
    0.1543681688804554,
    0.021836158192090394,
    0.013156995635136453,
    0.07049431153593909,
    0.002,
    0.02950710464583323,
    0.10165955561816747,
    0.03234464819388547,
    0.11965810319932996,
    0.0575,
    0.033707593173110416,
    0.053284237804985535,
    0.14476937270343881,
    0.01900788822533534,
    0.03820820978798024,
    0.07657445059569226,
    0.09301960101113614,
    0.02553794136404722,
    0.20717023172905527,
    0.1320399615686424,
    0.06968425930606141,
    0.0,
    0.0053252032520325196,
    0.06771929824561403,
    0.1638776202676563,
    0.6710238095238094,
    0.2478571428571429,
    0.07805418679947448,
    0.33512278691380865,
    0.060913944555005324,
    0.03266666666666666,
    0.021112887751838824,
    0.18081902958152957,
    0.27068409570673074,
    0.45423259088581674,
    0.07766447656025184,
    0.07407346580280999,
    0.07647916666666667,
    0.040434865900383136,
    0.16891443452266208,
    0.06659396525893907,
    0.011813725490196079,
    0.2643382759148613,
    0.010486493574613166,
    0.12505943409186288,
    0.014351080207072216,
    0.02103450362531537,
    0.062217415772194556,
    0.3233098260923296,
    0.56704902407534,
    0.06713333333333332,
    0.06711500344202039,
    0.16906492720966873,
    0.3497691092465147,
    0.2159942216635311,
    0.35813390579641896,
    0.012023535599237394,
    0.09061932089909135,
    0.05264313042290086,
    0.02842163686269763,
    0.0362409946899576,
    0.012669491525423729,
    0.01799649368863955,
    0.18952882205513785,
    0.12343287310773209,
    0.16540697000400897,
    0.0,
    0.12095528750776126,
    0.00016129032258064516,
    0.06997739537141313,
    0.07407346580280999,
    0.09783333333333333,
    0.07118219878815943,
    0.00016129032258064516,
    0.024919944789510005,
    0.015714285714285715,
    0.0007502374169040835,
    0.01711559549652648,
    0.12884317155989894,
    0.005476532567049807,
    0.04567179002295811,
    0.02770215034840892,
    0.13505052264808362,
    0.014217391304347826,
    0.058482484948002185,
    0.7192857142857143,
    0.08421969696969697,
    0.011666666666666665,
    0.03402307238684948,
    0.07314727788833865,
    0.0069918699186991866,
    0.012649151614668857,
    0.07885692818622252,
    0.22492621460822654,
    0.14095398880646257,
    0.22132091114223468,
    0.3005573292098387,
    0.013261711188540456,
    0.4109213626007314,
    0.04845307993092222,
    0.04514450127877238,
    0.012311890400009991,
    0.45052380952380955,
    0.035887445887445885,
    0.0,
    0.0,
    0.005,
    0.3381142507002802,
    0.08276942723792315,
    0.1456818181818182,
    0.09235031981501375,
    0.014999999999999998,
    0.10325143875732111,
    0.0,
    0.029946216892750274,
    0.028370307919054993,
    0.5899115879153572,
    0.6424877251235597,
    0.027604562870080108,
    0.11315227684194308,
    0.5420604914409263,
    0.35925161634604363,
    0.033381878557874764,
    0.34064245300623,
    0.050256575801052125,
    0.23069962785752252,
    0.6216790549743926,
    0.917159090909091,
    0.2644367588932806,
    0.0166660203802847,
    0.4034253037622603,
    0.17382675727526983,
    0.6738571428571427,
    0.038096156222963785,
    0.2790714285714286,
    0.48819047426751033,
    0.0981140153326667,
    0.01920586116354597,
    0.5756860780777949,
    0.028755868544600934,
    0.0002,
    0.2584393939393939,
    0.06462772426043588,
    0.013000000000000001,
    0.18874768763786393,
    0.07337133223002135,
    0.25427492314448835,
    0.11603779143013794,
    0.5401655419743656,
    0.010268199233716475,
    0.11815938836323209,
    0.10657528914983765,
    0.03806897837000739,
    0.055525975987314055,
    0.0,
    0.02450623857317616,
    0.02548649357461317,
    0.28044940765303905,
    0.005870360729289645,
    0.012478902276800867,
    0.32716666666666666,
    0.008333333333333333,
    0.12018682323273952,
    0.03010573476702509,
    0.20495018634382944,
    0.1290772323178104,
    0.29861032379782376,
    0.23808452626133605,
    0.029508529599341343,
    0.04637267799950728,
    0.11112121212121212,
    0.0,
    0.08228861788617886
  ],
  "feature_importances": [
    {
      "Caracteristica": "Alcohol",
      "Importancia": 0.19076446991853996
    },
    {
      "Caracteristica": "Sulfatos",
      "Importancia": 0.13493582087805003
    },
    {
      "Caracteristica": "Acidez_Volatil",
      "Importancia": 0.10097705577088158
    },
    {
      "Caracteristica": "Densidad",
      "Importancia": 0.09180080129631234
    },
    {
      "Caracteristica": "Acido_Citrico",
      "Importancia": 0.08208061125460465
    },
    {
      "Caracteristica": "Dioxido_Azufre_Total",
      "Importancia": 0.08143572145075392
    },
    {
      "Caracteristica": "Acidez_Fija",